-- phpMyAdmin SQL Dump
-- version 5.2.0
-- https://www.phpmyadmin.net/
--
-- Máy chủ: 127.0.0.1
-- Thời gian đã tạo: Th7 01, 2023 lúc 08:33 AM
-- Phiên bản máy phục vụ: 10.4.24-MariaDB
-- Phiên bản PHP: 8.1.6

SET SQL_MODE = "NO_AUTO_VALUE_ON_ZERO";
START TRANSACTION;
SET time_zone = "+00:00";


/*!40101 SET @OLD_CHARACTER_SET_CLIENT=@@CHARACTER_SET_CLIENT */;
/*!40101 SET @OLD_CHARACTER_SET_RESULTS=@@CHARACTER_SET_RESULTS */;
/*!40101 SET @OLD_COLLATION_CONNECTION=@@COLLATION_CONNECTION */;
/*!40101 SET NAMES utf8mb4 */;

--
-- Cơ sở dữ liệu: `dttt`
--

-- --------------------------------------------------------

--
-- Cấu trúc bảng cho bảng `bills`
--

CREATE TABLE `bills` (
  `id` bigint(20) UNSIGNED NOT NULL,
  `id_user` varchar(255) COLLATE utf8mb4_unicode_ci NOT NULL,
  `tenkhachhang` varchar(255) COLLATE utf8mb4_unicode_ci NOT NULL,
  `sdt` varchar(255) COLLATE utf8mb4_unicode_ci NOT NULL,
  `diachi` varchar(255) COLLATE utf8mb4_unicode_ci NOT NULL,
  `soluong` varchar(255) COLLATE utf8mb4_unicode_ci NOT NULL,
  `loinhan` varchar(255) COLLATE utf8mb4_unicode_ci DEFAULT NULL,
  `loai` varchar(255) COLLATE utf8mb4_unicode_ci NOT NULL,
  `tong` varchar(255) COLLATE utf8mb4_unicode_ci NOT NULL,
  `trangthai` varchar(255) COLLATE utf8mb4_unicode_ci NOT NULL,
  `created_at` timestamp NULL DEFAULT NULL,
  `updated_at` timestamp NULL DEFAULT NULL
) ENGINE=InnoDB DEFAULT CHARSET=utf8mb4 COLLATE=utf8mb4_unicode_ci;

--
-- Đang đổ dữ liệu cho bảng `bills`
--

INSERT INTO `bills` (`id`, `id_user`, `tenkhachhang`, `sdt`, `diachi`, `soluong`, `loinhan`, `loai`, `tong`, `trangthai`, `created_at`, `updated_at`) VALUES
(1, '1', 'Chăng Nguyễn Hiếu Nghĩa', '0911472518', '68, Ninh Kiều', '10', 'giao trước ngày 10', 'Tiền mặt', '4.595.000', 'Hủy', '2023-05-11 06:08:31', '2023-05-16 00:35:01'),
(2, '2', 'Nguyễn Thanh Tùng', '0935987462', 'Hưng Lợi', '3', 'Giao giờ hành chính', 'Tiền mặt', '1.375.000', 'Hoàn thành', '2023-05-15 00:17:09', '2023-05-20 00:13:08'),
(3, '1', 'Chăng Nguyễn Hiếu Nghĩa', '0911472518', '48 Ninh Kiều Cần Thơ', '2', 'gói kỹ', 'Tiền mặt', '1.245.000', 'Hoàn thành', '2023-05-15 07:47:12', '2023-05-15 22:44:41'),
(6, '1', 'Chăng Nguyễn Hiếu Nghĩa', '0911472518', '48 Ninh Kiều Cần Thơ', '3', 'giao trước ngày 10', 'Tiền mặt', '1.215.000', 'Hoàn thành', '2023-05-15 08:33:33', '2023-05-17 01:25:43'),
(7, '1', 'Chăng Nguyễn Hiếu Nghĩa', '0911472518', '48 Ninh Kiều Cần Thơ', '4', NULL, 'Tiền mặt', '1.665.000', 'Hủy', '2023-05-16 06:58:45', '2023-05-17 01:33:50'),
(8, '1', 'Chăng Nguyễn Hiếu Nghĩa', '0911472518', '48 Ninh Kiều Cần Thơ', '3', NULL, 'Tiền mặt', '1.195.000', 'Hoàn thành', '2023-04-16 07:00:18', '2023-05-17 05:04:39'),
(9, '1', 'Chăng Nguyễn Hiếu Nghĩa', '0911472518', '48 Ninh Kiều Cần Thơ', '1', '', 'VNPay', '435.000', 'Hoàn thành', '2023-05-18 05:21:01', '2023-05-21 21:28:14'),
(10, '1', 'Chăng Nguyễn Hiếu Nghĩa', '0911472518', '48 Ninh Kiều Cần Thơ', '3', NULL, 'VNPay', '1.865.000', 'Hoàn thành', '2023-05-18 05:24:07', '2023-05-21 21:28:19'),
(11, '10', 'Ngô Thụy Thanh Nhàn', '0911472518', '23 Trương Định Nha Trang Khánh Hòa', '1', 'Giao lẹ lẹ nha bà', 'Tiền mặt', '745.000', 'Hoàn thành', '2023-05-20 02:18:25', '2023-05-21 21:28:29'),
(12, '1', 'Chăng Nguyễn Hiếu Nghĩa', '0911472518', '48 Ninh Kiều Cần Thơ', '16', NULL, 'Tiền mặt', '6.085.000', 'Hoàn thành', '2023-05-20 02:37:07', '2023-05-20 02:38:27'),
(13, '1', 'Chăng Nguyễn Hiếu Nghĩa', '0911472518', '48 Ninh Kiều Cần Thơ', '1', NULL, 'VNPay', '435.000', 'Hoàn thành', '2023-05-20 02:39:54', '2023-05-21 21:27:05'),
(14, '1', 'Chăng Nguyễn Hiếu Nghĩa', '0911472518', '48 Ninh Kiều Cần Thơ', '2', NULL, 'VNPay', '855.000', 'Hoàn thành', '2023-05-21 20:12:39', '2023-05-21 21:27:13'),
(45, '3\r\n', 'Chăng Nguyễn Hiếu Nghĩa', '0911472518', '48 Ninh Kiều Cần Thơ', '2', NULL, 'VNPay', '855.000', 'Hoàn thành', '2023-05-21 20:13:39', '2023-05-21 21:28:41'),
(46, '3\r\n', 'Chăng Nguyễn Hiếu Nghĩa', '0911472518', '48 Ninh Kiều Cần Thơ', '2', NULL, 'VNPay', '855.000', 'Hoàn thành', '2023-05-21 20:14:39', '2023-05-21 21:27:21'),
(47, '1', 'Chăng Nguyễn Hiếu Nghĩa', '0911472518', '48 Ninh Kiều Cần Thơ', '1', NULL, 'VNPay', '465.000', 'Hoàn thành', '2023-05-21 20:37:06', '2023-05-21 21:28:45'),
(48, '1', 'Chăng Nguyễn Hiếu Nghĩa', '0911472518', '48 Ninh Kiều Cần Thơ', '1', NULL, 'VNPay', '465.000', 'Hoàn thành', '2023-05-21 20:38:23', '2023-05-21 21:27:27'),
(49, '1', 'Chăng Nguyễn Hiếu Nghĩa', '0911472518', '48 Ninh Kiều Cần Thơ', '1', NULL, 'VNPay', '495.000', 'Hoàn thành', '2023-05-21 20:46:09', '2023-05-21 21:28:06'),
(50, '1', 'Chăng Nguyễn Hiếu Nghĩa', '0911472518', '48 Ninh Kiều Cần Thơ', '1', NULL, 'VNPay', '435.000', 'Hoàn thành', '2023-05-21 20:51:00', '2023-05-21 21:28:01'),
(51, '1', 'Chăng Nguyễn Hiếu Nghĩa', '0911472518', '48 Ninh Kiều Cần Thơ', '1', NULL, 'VNPay', '435.000', 'Hủy', '2023-05-21 20:59:35', '2023-05-21 21:29:58'),
(52, '1', 'Chăng Nguyễn Hiếu Nghĩa', '0911472518', '48 Ninh Kiều Cần Thơ', '1', NULL, 'VNPay', '465.000', 'Hủy', '2023-05-21 21:09:24', '2023-05-21 21:29:49'),
(53, '1', 'Chăng Nguyễn Hiếu Nghĩa', '0911472518', '48 Ninh Kiều Cần Thơ', '1', NULL, 'VNPay', '435.000', 'Hoàn thành', '2023-05-21 21:12:15', '2023-05-21 21:27:44'),
(54, '1', 'Chăng Nguyễn Hiếu Nghĩa', '0911472518', '48 Ninh Kiều Cần Thơ', '1', NULL, 'VNPay', '465.000', 'Đang xử lý', '2023-05-21 21:14:06', '2023-05-21 21:30:30'),
(55, '1', 'Chăng Nguyễn Hiếu Nghĩa', '0911472518', '48 Ninh Kiều Cần Thơ', '1', NULL, 'VNPay', '465.000', 'Hủy', '2023-05-21 21:49:27', '2023-05-21 21:49:27'),
(56, '1', 'Chăng Nguyễn Hiếu Nghĩa', '0911472518', '48 Ninh Kiều Cần Thơ', '100', NULL, 'VNPay', '43.500.000', 'Hoàn thành', '2023-06-30 21:49:27', '2023-06-30 21:49:27'),
(57, '1', 'Chăng Nguyễn Hiếu Nghĩa', '0911472518', '48 Ninh Kiều Cần Thơ', '1', NULL, 'Tiền mặt', '435.000', 'Đang xử lý', '2023-06-17 23:36:55', '2023-06-17 23:36:55'),
(58, '1', 'Chăng Nguyễn Hiếu Nghĩa', '0911472518', '48 Ninh Kiều Cần Thơ', '2', NULL, 'VNPay', '855.000', 'Hủy', '2023-06-17 23:37:46', '2023-06-17 23:37:46'),
(59, '1', 'Chăng Nguyễn Hiếu Nghĩa', '0911472518', '48 Ninh Kiều Cần Thơ', '1', NULL, 'VNPay', '435.000', 'Đang xử lý', '2023-06-17 23:39:17', '2023-06-17 23:39:17'),
(60, '1', 'Chăng Nguyễn Hiếu Nghĩa', '0911472518', '48 Ninh Kiều Cần Thơ', '1', NULL, 'VNPay', '435.000', 'Đang xử lý', '2023-06-20 04:38:48', '2023-06-20 04:38:48'),
(62, '1', 'Chăng Nguyễn Hiếu Nghĩa', '0911472518', '48 Ninh Kiều Cần Thơ', '1', NULL, 'VNPay', '435.000', 'Đang xử lý', '2023-06-21 02:05:43', '2023-06-21 02:05:43'),
(64, '1', 'Chăng Nguyễn Hiếu Nghĩa', '0911472518', '48 Ninh Kiều Cần Thơ', '2', NULL, 'VNPay', '855.000', 'Đang xử lý', '2023-06-21 02:28:54', '2023-06-21 02:28:54'),
(65, '1', 'Chăng Nguyễn Hiếu Nghĩa', '0911472518', '48 Ninh Kiều Cần Thơ', '1', NULL, 'VNPay', '435.000', 'Hủy', '2023-06-21 02:30:03', '2023-06-21 02:30:03'),
(66, '1', 'Chăng Nguyễn Hiếu Nghĩa', '0911472518', '48 Ninh Kiều Cần Thơ', '1', NULL, 'VNPay', '435.000', 'Hủy', '2023-06-21 02:41:40', '2023-06-21 02:41:40'),
(67, '1', 'Chăng Nguyễn Hiếu Nghĩa', '0911472518', '48 Ninh Kiều Cần Thơ', '1', NULL, 'VNPay', '435.000', 'Đang xử lý', '2023-06-21 02:42:05', '2023-06-21 02:42:05'),
(68, '1', 'Chăng Nguyễn Hiếu Nghĩa', '0911472518', '48 Ninh Kiều Cần Thơ', '1', NULL, 'VNPay', '435.000', 'Đang xử lý', '2023-06-21 02:45:14', '2023-06-21 02:45:14'),
(69, '1', 'Chăng Nguyễn Hiếu Nghĩa', '0911472518', '48 Ninh Kiều Cần Thơ', '1', NULL, 'VNPay', '435.000', 'Đang xử lý', '2023-06-21 02:54:50', '2023-06-21 02:54:50'),
(70, '1', 'Chăng Nguyễn Hiếu Nghĩa', '0911472518', '48 Ninh Kiều Cần Thơ', '1', NULL, 'VNPay', '435.000', 'Đang xử lý', '2023-06-21 03:00:04', '2023-06-21 03:00:04'),
(71, '1', 'Chăng Nguyễn Hiếu Nghĩa', '0911472518', '48 Ninh Kiều Cần Thơ', '1', NULL, 'VNPay', '435.000', 'Đang xử lý', '2023-06-21 03:12:31', '2023-06-21 03:12:31'),
(72, '1', 'Chăng Nguyễn Hiếu Nghĩa', '0911472518', '48 Ninh Kiều Cần Thơ', '1', NULL, 'Tiền mặt', '465.000', 'Đang xử lý', '2023-06-21 03:23:40', '2023-06-21 03:23:40'),
(73, '1', 'Chăng Nguyễn Hiếu Nghĩa', '0911472518', '48 Ninh Kiều Cần Thơ', '1', NULL, 'Tiền mặt', '465.000', 'Đang xử lý', '2023-06-21 03:25:56', '2023-06-21 03:25:56'),
(74, '1', 'Chăng Nguyễn Hiếu Nghĩa', '0911472518', '48 Ninh Kiều Cần Thơ', '1', NULL, 'Tiền mặt', '465.000', 'Đang xử lý', '2023-06-21 03:26:53', '2023-06-21 03:26:53'),
(75, '1', 'Chăng Nguyễn Hiếu Nghĩa', '0911472518', '48 Ninh Kiều Cần Thơ', '1', NULL, 'Tiền mặt', '465.000', 'Đang xử lý', '2023-06-21 03:33:08', '2023-06-21 03:33:08'),
(76, '1', 'Chăng Nguyễn Hiếu Nghĩa', '0911472518', '48 Ninh Kiều Cần Thơ', '1', NULL, 'Tiền mặt', '465.000', 'Đang xử lý', '2023-06-21 03:34:05', '2023-06-21 03:34:05'),
(77, '1', 'Chăng Nguyễn Hiếu Nghĩa', '0911472518', '48 Ninh Kiều Cần Thơ', '3', NULL, 'Tiền mặt', '925.000', 'Hoàn thành', '2023-06-22 02:19:22', '2023-06-22 02:21:31'),
(78, '1', 'Chăng Nguyễn Hiếu Nghĩa', '0911472518', '48 Ninh Kiều Cần Thơ', '1', NULL, 'Tiền mặt', '465.000', 'Đang xử lý', '2023-06-22 02:28:36', '2023-06-22 02:28:36'),
(79, '1', 'Chăng Nguyễn Hiếu Nghĩa', '0911472518', '48 Ninh Kiều Cần Thơ', '1', NULL, 'Tiền mặt', '435.000', 'Đang xử lý', '2023-06-22 02:38:00', '2023-06-22 02:38:00'),
(80, '1', 'Chăng Nguyễn Hiếu Nghĩa', '0911472518', '48 Ninh Kiều Cần Thơ', '1', NULL, 'Tiền mặt', '435.000', 'Đang xử lý', '2023-06-22 02:49:25', '2023-06-22 02:49:25'),
(81, '1', 'Chăng Nguyễn Hiếu Nghĩa', '0911472518', '48 Ninh Kiều Cần Thơ', '1', NULL, 'Tiền mặt', '435.000', 'Đang xử lý', '2023-06-22 02:58:54', '2023-06-22 02:58:54'),
(82, '1', 'Chăng Nguyễn Hiếu Nghĩa', '0911472518', '48 Ninh Kiều Cần Thơ', '1', NULL, 'Tiền mặt', '435.000', 'Đang xử lý', '2023-06-22 03:08:28', '2023-06-22 03:08:28'),
(83, '1', 'Chăng Nguyễn Hiếu Nghĩa', '0911472518', '48 Ninh Kiều Cần Thơ', '1', NULL, 'Tiền mặt', '435.000', 'Đang xử lý', '2023-06-22 03:09:52', '2023-06-22 03:09:52'),
(84, '1', 'Chăng Nguyễn Hiếu Nghĩa', '0911472518', '48 Ninh Kiều Cần Thơ', '1', NULL, 'VNPay', '435.000', 'Đang xử lý', '2023-06-22 03:36:46', '2023-06-22 03:36:46'),
(85, '1', 'Chăng Nguyễn Hiếu Nghĩa', '0911472518', '48 Ninh Kiều Cần Thơ', '1', NULL, 'Tiền mặt', '435.000', 'Đang xử lý', '2023-06-22 03:39:42', '2023-06-22 03:39:42'),
(86, '1', 'Chăng Nguyễn Hiếu Nghĩa', '0911472518', '48 Ninh Kiều Cần Thơ', '1', NULL, 'Tiền mặt', '435.000', 'Đang xử lý', '2023-06-22 03:43:46', '2023-06-22 03:43:46'),
(87, '1', 'Chăng Nguyễn Hiếu Nghĩa', '0911472518', '48 Ninh Kiều Cần Thơ', '1', NULL, 'Tiền mặt', '435.000', 'Đang xử lý', '2023-06-22 03:46:15', '2023-06-22 03:46:15'),
(88, '1', 'Chăng Nguyễn Hiếu Nghĩa', '0911472518', '48 Ninh Kiều Cần Thơ', '1', NULL, 'Tiền mặt', '435.000', 'Đang xử lý', '2023-06-22 03:46:54', '2023-06-22 03:46:54'),
(89, '1', 'Chăng Nguyễn Hiếu Nghĩa', '0911472518', '48 Ninh Kiều Cần Thơ', '1', NULL, 'VNPay', '435.000', 'Đang xử lý', '2023-06-22 03:47:23', '2023-06-22 03:47:23'),
(90, '1', 'Chăng Nguyễn Hiếu Nghĩa', '0911472518', '48 Ninh Kiều Cần Thơ', '1', NULL, 'VNPay', '435.000', 'Đang xử lý', '2023-06-22 03:48:42', '2023-06-22 03:48:42'),
(91, '1', 'Chăng Nguyễn Hiếu Nghĩa', '0911472518', '48 Ninh Kiều Cần Thơ', '1', NULL, 'VNPay', '435.000', 'Đang xử lý', '2023-06-22 03:51:21', '2023-06-22 03:51:21'),
(92, '1', 'Chăng Nguyễn Hiếu Nghĩa', '0911472518', '48 Ninh Kiều Cần Thơ', '1', NULL, 'VNPay', '435.000', 'Đang xử lý', '2023-06-22 04:06:45', '2023-06-22 04:06:45'),
(93, '1', 'Chăng Nguyễn Hiếu Nghĩa', '0911472518', '48 Ninh Kiều Cần Thơ', '1', NULL, 'VNPay', '435.000', 'Đang xử lý', '2023-06-22 04:11:18', '2023-06-22 04:11:18'),
(94, '1', 'Chăng Nguyễn Hiếu Nghĩa', '0911472518', '48 Ninh Kiều Cần Thơ', '1', NULL, 'VNPay', '435.000', 'Đang xử lý', '2023-06-22 04:14:09', '2023-06-22 04:14:09'),
(95, '1', 'Chăng Nguyễn Hiếu Nghĩa', '0911472518', '48 Ninh Kiều Cần Thơ', '1', NULL, 'VNPay', '435.000', 'Đang xử lý', '2023-06-22 04:16:30', '2023-06-22 04:16:30'),
(96, '1', 'Chăng Nguyễn Hiếu Nghĩa', '0911472518', '48 Ninh Kiều Cần Thơ', '1', NULL, 'VNPay', '435.000', 'Đang xử lý', '2023-06-22 04:18:05', '2023-06-22 04:18:05'),
(97, '1', 'Chăng Nguyễn Hiếu Nghĩa', '0911472518', '48 Ninh Kiều Cần Thơ', '1', NULL, 'VNPay', '435.000', 'Đang xử lý', '2023-06-22 04:24:14', '2023-06-22 04:24:14'),
(98, '1', 'Chăng Nguyễn Hiếu Nghĩa', '0911472518', '48 Ninh Kiều Cần Thơ', '1', NULL, 'VNPay', '435.000', 'Hủy', '2023-06-22 04:27:50', '2023-06-22 04:27:50'),
(99, '1', 'Chăng Nguyễn Hiếu Nghĩa', '0911472518', '48 Ninh Kiều Cần Thơ', '1', NULL, 'VNPay', '435.000', 'Hủy', '2023-06-22 04:30:06', '2023-06-22 04:30:06'),
(100, '1', 'Chăng Nguyễn Hiếu Nghĩa', '0911472518', '48 Ninh Kiều Cần Thơ', '1', NULL, 'Tiền mặt', '435.000', 'Đang xử lý', '2023-06-22 04:30:40', '2023-06-22 04:30:40'),
(101, '1', 'Chăng Nguyễn Hiếu Nghĩa', '0911472518', '48 Ninh Kiều Cần Thơ', '1', NULL, 'VNPay', '435.000', 'Đang xử lý', '2023-06-22 04:31:21', '2023-06-22 04:31:21'),
(102, '16', 'Nguyễn Hồng Linh', '0916492241', 'Cà mau', '1', NULL, 'VNPay', '465.000', 'Đang xử lý', '2023-06-22 04:39:03', '2023-06-22 04:39:03'),
(103, '16', 'Nguyễn Hồng Linh', '0916492241', 'Cà mau', '1', NULL, 'VNPay', '435.000', 'Đang xử lý', '2023-06-22 04:44:57', '2023-06-22 04:44:57'),
(104, '10', 'Ngô Thụy Thanh Nhàn', '0911472518', '23 Trương Định Nha Trang Khánh Hòa', '1', NULL, 'Tiền mặt', '435.000', 'Đang xử lý', '2023-06-22 06:33:14', '2023-06-22 06:33:14'),
(105, '10', 'Ngô Thụy Thanh Nhàn', '0911472518', '23 Trương Định Nha Trang Khánh Hòa', '2', NULL, 'VNPay', '1.165.000', 'Đang xử lý', '2023-06-22 06:40:02', '2023-06-22 06:40:02'),
(106, '10', 'Ngô Thụy Thanh Nhàn', '0911472518', '23 Trương Định Nha Trang Khánh Hòa', '4', NULL, 'VNPay', '2.875.000', 'Hoàn thành', '2023-06-22 07:00:39', '2023-06-28 07:16:05'),
(107, '10', 'Ngô Thụy Thanh Nhàn', '0911472518', '23 Trương Định Nha Trang Khánh Hòa', '4', NULL, 'Tiền mặt', '2.485.000', 'Đang xử lý', '2023-06-22 07:24:34', '2023-06-22 07:24:34'),
(108, '10', 'Ngô Thụy Thanh Nhàn', '0911472518', '23 Trương Định Nha Trang Khánh Hòa', '4', NULL, 'Tiền mặt', '2.485.000', 'Đang xử lý', '2023-06-22 07:25:17', '2023-06-22 07:25:17'),
(109, '10', 'Ngô Thụy Thanh Nhàn', '0911472518', '23 Trương Định Nha Trang Khánh Hòa', '4', 'Giao nhanh nha người đẹp', 'Tiền mặt', '2.475.000', 'Hoàn thành', '2023-06-22 07:28:35', '2023-06-28 07:02:24'),
(110, '1', 'Chăng Nguyễn Hiếu Nghĩa', '0911472518', '48 Ninh Kiều Cần Thơ', '5', NULL, 'Tiền mặt', '2.385.000', 'Hoàn thành', '2023-06-28 07:52:12', '2023-06-28 07:52:44'),
(111, '1', 'Chăng Nguyễn Hiếu Nghĩa', '0911472518', '48 Ninh Kiều Cần Thơ', '2', NULL, 'VNPay', '855.000', 'Đang xử lý', '2023-07-01 04:55:17', '2023-07-01 04:55:17'),
(112, '1', 'Chăng Nguyễn Hiếu Nghĩa', '0911472518', '48 Ninh Kiều Cần Thơ', '3', NULL, 'Tiền mặt', '1.995.000', 'Hoàn thành', '2023-07-01 05:04:37', '2023-07-01 05:09:05');

-- --------------------------------------------------------

--
-- Cấu trúc bảng cho bảng `carts`
--

CREATE TABLE `carts` (
  `id` bigint(20) UNSIGNED NOT NULL,
  `id_user` varchar(255) COLLATE utf8mb4_unicode_ci NOT NULL,
  `id_sp` varchar(255) COLLATE utf8mb4_unicode_ci NOT NULL,
  `hinhanh` varchar(255) COLLATE utf8mb4_unicode_ci NOT NULL,
  `tensanpham` varchar(255) COLLATE utf8mb4_unicode_ci NOT NULL,
  `gia` varchar(255) COLLATE utf8mb4_unicode_ci NOT NULL,
  `soluong` varchar(255) COLLATE utf8mb4_unicode_ci NOT NULL,
  `created_at` timestamp NULL DEFAULT NULL,
  `updated_at` timestamp NULL DEFAULT NULL
) ENGINE=InnoDB DEFAULT CHARSET=utf8mb4 COLLATE=utf8mb4_unicode_ci;

--
-- Đang đổ dữ liệu cho bảng `carts`
--

INSERT INTO `carts` (`id`, `id_user`, `id_sp`, `hinhanh`, `tensanpham`, `gia`, `soluong`, `created_at`, `updated_at`) VALUES
(40, '2', '1', 'hoahongdo.png', 'Hoa Hồng Đỏ', '390.000', '1', '2023-05-15 00:18:08', '2023-05-15 00:18:08'),
(78, '11', '1', 'hoahongdo.png', 'Hoa Hồng Đỏ', '390.000', '1', '2023-06-20 04:35:59', '2023-06-20 04:35:59');

-- --------------------------------------------------------

--
-- Cấu trúc bảng cho bảng `categories`
--

CREATE TABLE `categories` (
  `id` bigint(20) UNSIGNED NOT NULL,
  `tendanhmuc` varchar(255) COLLATE utf8mb4_unicode_ci NOT NULL,
  `hinhanh` varchar(255) COLLATE utf8mb4_unicode_ci NOT NULL,
  `created_at` timestamp NULL DEFAULT NULL,
  `updated_at` timestamp NULL DEFAULT NULL
) ENGINE=InnoDB DEFAULT CHARSET=utf8mb4 COLLATE=utf8mb4_unicode_ci;

--
-- Đang đổ dữ liệu cho bảng `categories`
--

INSERT INTO `categories` (`id`, `tendanhmuc`, `hinhanh`, `created_at`, `updated_at`) VALUES
(1, 'Hoa tươi', 'hoatuoi.png', '2023-04-13 23:59:25', '2023-04-14 00:34:33'),
(2, 'Hoa Khai Trương', 'hoakgaitruong.png', '2023-04-14 00:01:59', '2023-04-14 00:34:56'),
(3, 'Hoa sinh nhật', 'hoasn.png', '2023-04-14 00:02:28', '2023-04-14 00:35:39'),
(4, 'Hoa cưới', 'hoacuoi.png', '2023-04-14 00:02:51', '2023-04-14 00:36:07'),
(5, 'Hoa viếng', 'hoavieng.png', '2023-04-14 00:03:03', '2023-04-14 00:33:59'),
(6, 'Hoa Valentine', 'hoavalentine.png', '2023-04-14 00:03:20', '2023-04-14 00:33:48');

-- --------------------------------------------------------

--
-- Cấu trúc bảng cho bảng `chi_tiet_bills`
--

CREATE TABLE `chi_tiet_bills` (
  `id` bigint(20) UNSIGNED NOT NULL,
  `id_user` varchar(255) COLLATE utf8mb4_unicode_ci NOT NULL,
  `id_sp` varchar(255) COLLATE utf8mb4_unicode_ci NOT NULL,
  `id_dh` varchar(255) COLLATE utf8mb4_unicode_ci NOT NULL,
  `hinhanh` varchar(255) COLLATE utf8mb4_unicode_ci NOT NULL,
  `tensanpham` varchar(255) COLLATE utf8mb4_unicode_ci NOT NULL,
  `gia` varchar(255) COLLATE utf8mb4_unicode_ci NOT NULL,
  `soluong` varchar(255) COLLATE utf8mb4_unicode_ci NOT NULL,
  `created_at` timestamp NULL DEFAULT NULL,
  `updated_at` timestamp NULL DEFAULT NULL
) ENGINE=InnoDB DEFAULT CHARSET=utf8mb4 COLLATE=utf8mb4_unicode_ci;

--
-- Đang đổ dữ liệu cho bảng `chi_tiet_bills`
--

INSERT INTO `chi_tiet_bills` (`id`, `id_user`, `id_sp`, `id_dh`, `hinhanh`, `tensanpham`, `gia`, `soluong`, `created_at`, `updated_at`) VALUES
(15, '1', '10', '1', 'hoahongcam.png', 'Hoa Hồng Cam Cát Tường Trắng', '550.000', '1', '2023-05-11 06:08:31', '2023-05-16 00:35:01'),
(16, '1', '11', '1', 'labachkim.png', 'Hoa Hồng Đỏ Lá Bạch Kim', '700.000', '1', '2023-05-11 06:08:31', '2023-05-20 00:13:08'),
(17, '1', '3', '1', 'camtucau.png', 'Hoa Cẩm Tú Cầu', '420.000', '6', '2023-05-11 06:08:31', '2023-05-16 00:35:01'),
(18, '1', '1', '1', 'hoahongdo.png', 'Hoa Hồng Đỏ', '390.000', '2', '2023-05-11 06:08:31', '2023-05-20 00:13:08'),
(31, '2', '1', '2', 'hoahongdo.png', 'Hoa Hồng Đỏ', '390.000', '2', '2023-05-15 00:17:09', '2023-05-20 00:13:08'),
(32, '2', '11', '2', 'hoahongcam.png', 'Hoa Hồng Cam Cát Tường Trắng', '550.000', '1', '2023-05-15 00:17:09', '2023-05-20 00:13:08'),
(33, '1', '1', '3', 'hoahongdo.png', 'Hoa Hồng Đỏ', '390.000', '2', '2023-05-15 07:47:12', '2023-05-20 00:13:08'),
(34, '1', '3', '3', 'camtucau.png', 'Hoa Cẩm Tú Cầu', '420.000', '6', '2023-05-15 07:47:12', '2023-05-16 00:35:01'),
(44, '1', '1', '6', 'hoahongdo.png', 'Hoa Hồng Đỏ', '390.000', '2', '2023-05-15 08:33:33', '2023-05-20 00:13:08'),
(45, '1', '3', '7', 'camtucau.png', 'Hoa Cẩm Tú Cầu', '420.000', '2', '2023-05-16 06:58:45', '2023-05-16 06:58:45'),
(46, '1', '1', '7', 'hoahongdo.png', 'Hoa Hồng Đỏ', '390.000', '2', '2023-05-16 06:58:45', '2023-05-20 00:13:08'),
(47, '1', '1', '8', 'hoahongdo.png', 'Hoa Hồng Đỏ', '390.000', '2', '2023-05-16 07:00:18', '2023-05-20 00:13:08'),
(48, '1', '5', '8', 'camchuongtrang.png', 'Hoa Cẩm Chướng Xoăn Xanh Trắng', '380.000', '2', '2023-05-16 07:00:18', '2023-05-16 07:00:18'),
(49, '1', '1', '9', 'hoahongdo.png', 'Hoa Hồng Đỏ', '390.000', '2', '2023-05-18 05:21:01', '2023-05-20 00:13:08'),
(50, '1', '11', '10', 'labachkim.png', 'Hoa Hồng Đỏ Lá Bạch Kim', '700.000', '1', '2023-05-18 05:24:07', '2023-05-20 00:13:08'),
(51, '1', '3', '10', 'camtucau.png', 'Hoa Cẩm Tú Cầu', '420.000', '1', '2023-05-18 05:24:07', '2023-05-18 05:24:07'),
(52, '10', '11', '11', 'labachkim.png', 'Hoa Hồng Đỏ Lá Bạch Kim', '700.000', '1', '2023-05-20 02:18:25', '2023-05-20 02:18:25'),
(54, '1', '7', '12', 'huongduong.png', 'Hoa Hướng Dương', '250.000', '4', '2023-05-20 02:37:07', '2023-05-20 02:37:07'),
(55, '1', '3', '12', 'camtucau.png', 'Hoa Cẩm Tú Cầu', '420.000', '12', '2023-05-20 02:37:07', '2023-05-20 02:37:07'),
(56, '1', '1', '13', 'hoahongdo.png', 'Hoa Hồng Đỏ', '390.000', '1', '2023-05-20 02:39:54', '2023-05-20 02:39:54'),
(57, '1', '1', '14', 'hoahongdo.png', 'Hoa Hồng Đỏ', '390.000', '1', '2023-05-21 20:12:39', '2023-05-21 20:12:39'),
(58, '1', '3', '14', 'camtucau.png', 'Hoa Cẩm Tú Cầu', '420.000', '1', '2023-05-21 20:12:39', '2023-05-21 20:12:39'),
(59, '1', '3', '47', 'camtucau.png', 'Hoa Cẩm Tú Cầu', '420.000', '1', '2023-05-21 20:37:06', '2023-05-21 20:37:06'),
(60, '1', '9', '49', 'senxanh.png', 'Hoa Sen Xanh Lá Bạc', '450.000', '1', '2023-05-21 20:46:09', '2023-05-21 20:46:09'),
(61, '1', '1', '50', 'hoahongdo.png', 'Hoa Hồng Đỏ', '390.000', '1', '2023-05-21 20:51:00', '2023-05-21 20:51:00'),
(62, '1', '1', '51', 'hoahongdo.png', 'Hoa Hồng Đỏ', '390.000', '1', '2023-05-21 20:59:35', '2023-05-21 20:59:35'),
(63, '1', '3', '52', 'camtucau.png', 'Hoa Cẩm Tú Cầu', '420.000', '1', '2023-05-21 21:09:24', '2023-05-21 21:09:24'),
(64, '1', '1', '53', 'hoahongdo.png', 'Hoa Hồng Đỏ', '390.000', '1', '2023-05-21 21:12:15', '2023-05-21 21:12:15'),
(65, '1', '3', '54', 'camtucau.png', 'Hoa Cẩm Tú Cầu', '420.000', '1', '2023-05-21 21:14:06', '2023-05-21 21:14:06'),
(66, '1', '3', '55', 'camtucau.png', 'Hoa Cẩm Tú Cầu', '420.000', '1', '2023-05-21 21:17:40', '2023-05-21 21:17:40'),
(67, '1', '3', '55', 'camtucau.png', 'Hoa Cẩm Tú Cầu', '420.000', '1', '2023-05-21 21:49:27', '2023-05-21 21:49:27'),
(68, '1', '1', '57', 'hoahongdo.png', 'Hoa Hồng Đỏ', '390.000', '1', '2023-06-17 23:36:55', '2023-06-17 23:36:55'),
(69, '1', '3', '58', 'camtucau.png', 'Hoa Cẩm Tú Cầu', '420.000', '1', '2023-06-17 23:37:46', '2023-06-17 23:37:46'),
(70, '1', '1', '58', 'hoahongdo.png', 'Hoa Hồng Đỏ', '390.000', '1', '2023-06-17 23:37:46', '2023-06-17 23:37:46'),
(71, '1', '1', '59', 'hoahongdo.png', 'Hoa Hồng Đỏ', '390.000', '1', '2023-06-17 23:39:17', '2023-06-17 23:39:17'),
(72, '1', '1', '60', 'hoahongdo.png', 'Hoa Hồng Đỏ', '390.000', '1', '2023-06-20 04:38:48', '2023-06-20 04:38:48'),
(73, '1', '1', '61', 'hoahongdo.png', 'Hoa Hồng Đỏ', '390.000', '1', '2023-06-21 02:05:42', '2023-06-21 02:05:42'),
(74, '1', '1', '61', 'hoahongdo.png', 'Hoa Hồng Đỏ', '390.000', '1', '2023-06-21 02:05:42', '2023-06-21 02:05:42'),
(75, '1', '1', '61', 'hoahongdo.png', 'Hoa Hồng Đỏ', '390.000', '1', '2023-06-21 02:05:42', '2023-06-21 02:05:42'),
(76, '1', '1', '61', 'hoahongdo.png', 'Hoa Hồng Đỏ', '390.000', '1', '2023-06-21 02:05:42', '2023-06-21 02:05:42'),
(77, '1', '1', '61', 'hoahongdo.png', 'Hoa Hồng Đỏ', '390.000', '1', '2023-06-21 02:05:42', '2023-06-21 02:05:42'),
(78, '1', '1', '61', 'hoahongdo.png', 'Hoa Hồng Đỏ', '390.000', '1', '2023-06-21 02:05:42', '2023-06-21 02:05:42'),
(79, '1', '1', '61', 'hoahongdo.png', 'Hoa Hồng Đỏ', '390.000', '1', '2023-06-21 02:05:42', '2023-06-21 02:05:42'),
(80, '1', '1', '61', 'hoahongdo.png', 'Hoa Hồng Đỏ', '390.000', '1', '2023-06-21 02:05:42', '2023-06-21 02:05:42'),
(81, '1', '1', '61', 'hoahongdo.png', 'Hoa Hồng Đỏ', '390.000', '1', '2023-06-21 02:05:42', '2023-06-21 02:05:42'),
(82, '1', '1', '61', 'hoahongdo.png', 'Hoa Hồng Đỏ', '390.000', '1', '2023-06-21 02:05:42', '2023-06-21 02:05:42'),
(83, '1', '1', '61', 'hoahongdo.png', 'Hoa Hồng Đỏ', '390.000', '1', '2023-06-21 02:05:42', '2023-06-21 02:05:42'),
(84, '1', '1', '61', 'hoahongdo.png', 'Hoa Hồng Đỏ', '390.000', '1', '2023-06-21 02:05:42', '2023-06-21 02:05:42'),
(85, '1', '1', '61', 'hoahongdo.png', 'Hoa Hồng Đỏ', '390.000', '1', '2023-06-21 02:05:42', '2023-06-21 02:05:42'),
(86, '1', '1', '61', 'hoahongdo.png', 'Hoa Hồng Đỏ', '390.000', '1', '2023-06-21 02:05:42', '2023-06-21 02:05:42'),
(87, '1', '1', '61', 'hoahongdo.png', 'Hoa Hồng Đỏ', '390.000', '1', '2023-06-21 02:05:42', '2023-06-21 02:05:42'),
(88, '1', '1', '61', 'hoahongdo.png', 'Hoa Hồng Đỏ', '390.000', '1', '2023-06-21 02:05:42', '2023-06-21 02:05:42'),
(89, '1', '1', '61', 'hoahongdo.png', 'Hoa Hồng Đỏ', '390.000', '1', '2023-06-21 02:05:42', '2023-06-21 02:05:42'),
(90, '1', '1', '61', 'hoahongdo.png', 'Hoa Hồng Đỏ', '390.000', '1', '2023-06-21 02:05:42', '2023-06-21 02:05:42'),
(91, '1', '3', '61', 'camtucau.png', 'Hoa Cẩm Tú Cầu', '420.000', '100', '2023-06-21 02:05:42', '2023-06-21 02:05:42'),
(92, '1', '3', '61', 'camtucau.png', 'Hoa Cẩm Tú Cầu', '420.000', '100', '2023-06-21 02:05:42', '2023-06-21 02:05:42'),
(93, '1', '3', '61', 'camtucau.png', 'Hoa Cẩm Tú Cầu', '420.000', '100', '2023-06-21 02:05:42', '2023-06-21 02:05:42'),
(94, '1', '3', '61', 'camtucau.png', 'Hoa Cẩm Tú Cầu', '420.000', '100', '2023-06-21 02:05:42', '2023-06-21 02:05:42'),
(95, '1', '3', '61', 'camtucau.png', 'Hoa Cẩm Tú Cầu', '420.000', '100', '2023-06-21 02:05:42', '2023-06-21 02:05:42'),
(96, '1', '3', '61', 'camtucau.png', 'Hoa Cẩm Tú Cầu', '420.000', '100', '2023-06-21 02:05:42', '2023-06-21 02:05:42'),
(97, '1', '3', '61', 'camtucau.png', 'Hoa Cẩm Tú Cầu', '420.000', '100', '2023-06-21 02:05:42', '2023-06-21 02:05:42'),
(98, '1', '3', '61', 'camtucau.png', 'Hoa Cẩm Tú Cầu', '420.000', '100', '2023-06-21 02:05:42', '2023-06-21 02:05:42'),
(99, '1', '3', '61', 'camtucau.png', 'Hoa Cẩm Tú Cầu', '420.000', '100', '2023-06-21 02:05:42', '2023-06-21 02:05:42'),
(100, '1', '3', '61', 'camtucau.png', 'Hoa Cẩm Tú Cầu', '420.000', '100', '2023-06-21 02:05:42', '2023-06-21 02:05:42'),
(101, '1', '3', '61', 'camtucau.png', 'Hoa Cẩm Tú Cầu', '420.000', '100', '2023-06-21 02:05:42', '2023-06-21 02:05:42'),
(102, '1', '3', '61', 'camtucau.png', 'Hoa Cẩm Tú Cầu', '420.000', '100', '2023-06-21 02:05:42', '2023-06-21 02:05:42'),
(103, '1', '3', '61', 'camtucau.png', 'Hoa Cẩm Tú Cầu', '420.000', '100', '2023-06-21 02:05:42', '2023-06-21 02:05:42'),
(104, '1', '3', '61', 'camtucau.png', 'Hoa Cẩm Tú Cầu', '420.000', '100', '2023-06-21 02:05:42', '2023-06-21 02:05:42'),
(105, '1', '3', '61', 'camtucau.png', 'Hoa Cẩm Tú Cầu', '420.000', '100', '2023-06-21 02:05:42', '2023-06-21 02:05:42'),
(106, '1', '3', '61', 'camtucau.png', 'Hoa Cẩm Tú Cầu', '420.000', '100', '2023-06-21 02:05:42', '2023-06-21 02:05:42'),
(107, '1', '3', '61', 'camtucau.png', 'Hoa Cẩm Tú Cầu', '420.000', '100', '2023-06-21 02:05:43', '2023-06-21 02:05:43'),
(108, '1', '3', '61', 'camtucau.png', 'Hoa Cẩm Tú Cầu', '420.000', '100', '2023-06-21 02:05:43', '2023-06-21 02:05:43'),
(109, '1', '1', '62', 'hoahongdo.png', 'Hoa Hồng Đỏ', '390.000', '1', '2023-06-21 02:13:42', '2023-06-21 02:13:42'),
(110, '1', '1', '62', 'hoahongdo.png', 'Hoa Hồng Đỏ', '390.000', '1', '2023-06-21 02:13:42', '2023-06-21 02:13:42'),
(111, '1', '1', '62', 'hoahongdo.png', 'Hoa Hồng Đỏ', '390.000', '1', '2023-06-21 02:13:42', '2023-06-21 02:13:42'),
(112, '1', '1', '62', 'hoahongdo.png', 'Hoa Hồng Đỏ', '390.000', '1', '2023-06-21 02:13:42', '2023-06-21 02:13:42'),
(113, '1', '1', '62', 'hoahongdo.png', 'Hoa Hồng Đỏ', '390.000', '1', '2023-06-21 02:13:42', '2023-06-21 02:13:42'),
(114, '1', '1', '62', 'hoahongdo.png', 'Hoa Hồng Đỏ', '390.000', '1', '2023-06-21 02:13:42', '2023-06-21 02:13:42'),
(115, '1', '1', '62', 'hoahongdo.png', 'Hoa Hồng Đỏ', '390.000', '1', '2023-06-21 02:13:42', '2023-06-21 02:13:42'),
(116, '1', '1', '62', 'hoahongdo.png', 'Hoa Hồng Đỏ', '390.000', '1', '2023-06-21 02:13:42', '2023-06-21 02:13:42'),
(117, '1', '1', '62', 'hoahongdo.png', 'Hoa Hồng Đỏ', '390.000', '1', '2023-06-21 02:13:42', '2023-06-21 02:13:42'),
(118, '1', '1', '62', 'hoahongdo.png', 'Hoa Hồng Đỏ', '390.000', '1', '2023-06-21 02:13:42', '2023-06-21 02:13:42'),
(119, '1', '1', '62', 'hoahongdo.png', 'Hoa Hồng Đỏ', '390.000', '1', '2023-06-21 02:13:42', '2023-06-21 02:13:42'),
(120, '1', '1', '62', 'hoahongdo.png', 'Hoa Hồng Đỏ', '390.000', '1', '2023-06-21 02:13:42', '2023-06-21 02:13:42'),
(121, '1', '1', '62', 'hoahongdo.png', 'Hoa Hồng Đỏ', '390.000', '1', '2023-06-21 02:13:42', '2023-06-21 02:13:42'),
(122, '1', '1', '62', 'hoahongdo.png', 'Hoa Hồng Đỏ', '390.000', '1', '2023-06-21 02:13:42', '2023-06-21 02:13:42'),
(123, '1', '1', '62', 'hoahongdo.png', 'Hoa Hồng Đỏ', '390.000', '1', '2023-06-21 02:13:42', '2023-06-21 02:13:42'),
(124, '1', '1', '62', 'hoahongdo.png', 'Hoa Hồng Đỏ', '390.000', '1', '2023-06-21 02:13:42', '2023-06-21 02:13:42'),
(125, '1', '1', '62', 'hoahongdo.png', 'Hoa Hồng Đỏ', '390.000', '1', '2023-06-21 02:13:42', '2023-06-21 02:13:42'),
(126, '1', '1', '62', 'hoahongdo.png', 'Hoa Hồng Đỏ', '390.000', '1', '2023-06-21 02:13:42', '2023-06-21 02:13:42'),
(127, '1', '3', '62', 'camtucau.png', 'Hoa Cẩm Tú Cầu', '420.000', '100', '2023-06-21 02:13:42', '2023-06-21 02:13:42'),
(128, '1', '3', '62', 'camtucau.png', 'Hoa Cẩm Tú Cầu', '420.000', '100', '2023-06-21 02:13:42', '2023-06-21 02:13:42'),
(129, '1', '3', '62', 'camtucau.png', 'Hoa Cẩm Tú Cầu', '420.000', '100', '2023-06-21 02:13:42', '2023-06-21 02:13:42'),
(130, '1', '3', '62', 'camtucau.png', 'Hoa Cẩm Tú Cầu', '420.000', '100', '2023-06-21 02:13:42', '2023-06-21 02:13:42'),
(131, '1', '3', '62', 'camtucau.png', 'Hoa Cẩm Tú Cầu', '420.000', '100', '2023-06-21 02:13:42', '2023-06-21 02:13:42'),
(132, '1', '3', '62', 'camtucau.png', 'Hoa Cẩm Tú Cầu', '420.000', '100', '2023-06-21 02:13:42', '2023-06-21 02:13:42'),
(133, '1', '3', '62', 'camtucau.png', 'Hoa Cẩm Tú Cầu', '420.000', '100', '2023-06-21 02:13:42', '2023-06-21 02:13:42'),
(134, '1', '3', '62', 'camtucau.png', 'Hoa Cẩm Tú Cầu', '420.000', '100', '2023-06-21 02:13:42', '2023-06-21 02:13:42'),
(135, '1', '3', '62', 'camtucau.png', 'Hoa Cẩm Tú Cầu', '420.000', '100', '2023-06-21 02:13:42', '2023-06-21 02:13:42'),
(136, '1', '3', '62', 'camtucau.png', 'Hoa Cẩm Tú Cầu', '420.000', '100', '2023-06-21 02:13:42', '2023-06-21 02:13:42'),
(137, '1', '3', '62', 'camtucau.png', 'Hoa Cẩm Tú Cầu', '420.000', '100', '2023-06-21 02:13:42', '2023-06-21 02:13:42'),
(138, '1', '3', '62', 'camtucau.png', 'Hoa Cẩm Tú Cầu', '420.000', '100', '2023-06-21 02:13:42', '2023-06-21 02:13:42'),
(139, '1', '3', '62', 'camtucau.png', 'Hoa Cẩm Tú Cầu', '420.000', '100', '2023-06-21 02:13:42', '2023-06-21 02:13:42'),
(140, '1', '3', '62', 'camtucau.png', 'Hoa Cẩm Tú Cầu', '420.000', '100', '2023-06-21 02:13:42', '2023-06-21 02:13:42'),
(141, '1', '3', '62', 'camtucau.png', 'Hoa Cẩm Tú Cầu', '420.000', '100', '2023-06-21 02:13:42', '2023-06-21 02:13:42'),
(142, '1', '3', '62', 'camtucau.png', 'Hoa Cẩm Tú Cầu', '420.000', '100', '2023-06-21 02:13:42', '2023-06-21 02:13:42'),
(143, '1', '3', '62', 'camtucau.png', 'Hoa Cẩm Tú Cầu', '420.000', '100', '2023-06-21 02:13:42', '2023-06-21 02:13:42'),
(144, '1', '3', '62', 'camtucau.png', 'Hoa Cẩm Tú Cầu', '420.000', '100', '2023-06-21 02:13:42', '2023-06-21 02:13:42'),
(145, '1', '1', '62', 'hoahongdo.png', 'Hoa Hồng Đỏ', '390.000', '1', '2023-06-21 02:16:56', '2023-06-21 02:16:56'),
(146, '1', '1', '62', 'hoahongdo.png', 'Hoa Hồng Đỏ', '390.000', '1', '2023-06-21 02:16:56', '2023-06-21 02:16:56'),
(147, '1', '1', '62', 'hoahongdo.png', 'Hoa Hồng Đỏ', '390.000', '1', '2023-06-21 02:16:56', '2023-06-21 02:16:56'),
(148, '1', '1', '62', 'hoahongdo.png', 'Hoa Hồng Đỏ', '390.000', '1', '2023-06-21 02:16:56', '2023-06-21 02:16:56'),
(149, '1', '1', '62', 'hoahongdo.png', 'Hoa Hồng Đỏ', '390.000', '1', '2023-06-21 02:16:56', '2023-06-21 02:16:56'),
(150, '1', '1', '62', 'hoahongdo.png', 'Hoa Hồng Đỏ', '390.000', '1', '2023-06-21 02:16:56', '2023-06-21 02:16:56'),
(151, '1', '1', '62', 'hoahongdo.png', 'Hoa Hồng Đỏ', '390.000', '1', '2023-06-21 02:16:56', '2023-06-21 02:16:56'),
(152, '1', '1', '62', 'hoahongdo.png', 'Hoa Hồng Đỏ', '390.000', '1', '2023-06-21 02:16:56', '2023-06-21 02:16:56'),
(153, '1', '1', '62', 'hoahongdo.png', 'Hoa Hồng Đỏ', '390.000', '1', '2023-06-21 02:16:56', '2023-06-21 02:16:56'),
(154, '1', '1', '62', 'hoahongdo.png', 'Hoa Hồng Đỏ', '390.000', '1', '2023-06-21 02:16:56', '2023-06-21 02:16:56'),
(155, '1', '1', '62', 'hoahongdo.png', 'Hoa Hồng Đỏ', '390.000', '1', '2023-06-21 02:16:56', '2023-06-21 02:16:56'),
(156, '1', '1', '62', 'hoahongdo.png', 'Hoa Hồng Đỏ', '390.000', '1', '2023-06-21 02:16:56', '2023-06-21 02:16:56'),
(157, '1', '1', '62', 'hoahongdo.png', 'Hoa Hồng Đỏ', '390.000', '1', '2023-06-21 02:16:56', '2023-06-21 02:16:56'),
(158, '1', '1', '62', 'hoahongdo.png', 'Hoa Hồng Đỏ', '390.000', '1', '2023-06-21 02:16:56', '2023-06-21 02:16:56'),
(159, '1', '1', '62', 'hoahongdo.png', 'Hoa Hồng Đỏ', '390.000', '1', '2023-06-21 02:16:56', '2023-06-21 02:16:56'),
(160, '1', '1', '62', 'hoahongdo.png', 'Hoa Hồng Đỏ', '390.000', '1', '2023-06-21 02:16:56', '2023-06-21 02:16:56'),
(161, '1', '1', '62', 'hoahongdo.png', 'Hoa Hồng Đỏ', '390.000', '1', '2023-06-21 02:16:56', '2023-06-21 02:16:56'),
(162, '1', '1', '62', 'hoahongdo.png', 'Hoa Hồng Đỏ', '390.000', '1', '2023-06-21 02:16:56', '2023-06-21 02:16:56'),
(163, '1', '3', '62', 'camtucau.png', 'Hoa Cẩm Tú Cầu', '420.000', '200', '2023-06-21 02:16:56', '2023-06-21 02:16:56'),
(164, '1', '3', '62', 'camtucau.png', 'Hoa Cẩm Tú Cầu', '420.000', '200', '2023-06-21 02:16:56', '2023-06-21 02:16:56'),
(165, '1', '3', '62', 'camtucau.png', 'Hoa Cẩm Tú Cầu', '420.000', '200', '2023-06-21 02:16:56', '2023-06-21 02:16:56'),
(166, '1', '3', '62', 'camtucau.png', 'Hoa Cẩm Tú Cầu', '420.000', '200', '2023-06-21 02:16:56', '2023-06-21 02:16:56'),
(167, '1', '3', '62', 'camtucau.png', 'Hoa Cẩm Tú Cầu', '420.000', '200', '2023-06-21 02:16:56', '2023-06-21 02:16:56'),
(168, '1', '3', '62', 'camtucau.png', 'Hoa Cẩm Tú Cầu', '420.000', '200', '2023-06-21 02:16:56', '2023-06-21 02:16:56'),
(169, '1', '3', '62', 'camtucau.png', 'Hoa Cẩm Tú Cầu', '420.000', '200', '2023-06-21 02:16:56', '2023-06-21 02:16:56'),
(170, '1', '3', '62', 'camtucau.png', 'Hoa Cẩm Tú Cầu', '420.000', '200', '2023-06-21 02:16:56', '2023-06-21 02:16:56'),
(171, '1', '3', '62', 'camtucau.png', 'Hoa Cẩm Tú Cầu', '420.000', '200', '2023-06-21 02:16:56', '2023-06-21 02:16:56'),
(172, '1', '3', '62', 'camtucau.png', 'Hoa Cẩm Tú Cầu', '420.000', '200', '2023-06-21 02:16:56', '2023-06-21 02:16:56'),
(173, '1', '3', '62', 'camtucau.png', 'Hoa Cẩm Tú Cầu', '420.000', '200', '2023-06-21 02:16:56', '2023-06-21 02:16:56'),
(174, '1', '3', '62', 'camtucau.png', 'Hoa Cẩm Tú Cầu', '420.000', '200', '2023-06-21 02:16:56', '2023-06-21 02:16:56'),
(175, '1', '3', '62', 'camtucau.png', 'Hoa Cẩm Tú Cầu', '420.000', '200', '2023-06-21 02:16:56', '2023-06-21 02:16:56'),
(176, '1', '3', '62', 'camtucau.png', 'Hoa Cẩm Tú Cầu', '420.000', '200', '2023-06-21 02:16:56', '2023-06-21 02:16:56'),
(177, '1', '3', '62', 'camtucau.png', 'Hoa Cẩm Tú Cầu', '420.000', '200', '2023-06-21 02:16:56', '2023-06-21 02:16:56'),
(178, '1', '3', '62', 'camtucau.png', 'Hoa Cẩm Tú Cầu', '420.000', '200', '2023-06-21 02:16:56', '2023-06-21 02:16:56'),
(179, '1', '3', '62', 'camtucau.png', 'Hoa Cẩm Tú Cầu', '420.000', '200', '2023-06-21 02:16:56', '2023-06-21 02:16:56'),
(180, '1', '3', '62', 'camtucau.png', 'Hoa Cẩm Tú Cầu', '420.000', '200', '2023-06-21 02:16:56', '2023-06-21 02:16:56'),
(181, '1', '1', '62', 'hoahongdo.png', 'Hoa Hồng Đỏ', '390.000', '1', '2023-06-21 02:20:19', '2023-06-21 02:20:19'),
(182, '1', '1', '62', 'hoahongdo.png', 'Hoa Hồng Đỏ', '390.000', '1', '2023-06-21 02:20:37', '2023-06-21 02:20:37'),
(183, '1', '1', '63', 'hoahongdo.png', 'Hoa Hồng Đỏ', '390.000', '1', '2023-06-21 02:23:20', '2023-06-21 02:23:20'),
(184, '1', '1', '63', 'hoahongdo.png', 'Hoa Hồng Đỏ', '390.000', '1', '2023-06-21 02:25:57', '2023-06-21 02:25:57'),
(185, '1', '3', '63', 'camtucau.png', 'Hoa Cẩm Tú Cầu', '420.000', '1', '2023-06-21 02:25:57', '2023-06-21 02:25:57'),
(186, '1', '1', '63', 'hoahongdo.png', 'Hoa Hồng Đỏ', '390.000', '1', '2023-06-21 02:28:54', '2023-06-21 02:28:54'),
(187, '1', '3', '63', 'camtucau.png', 'Hoa Cẩm Tú Cầu', '420.000', '1', '2023-06-21 02:28:54', '2023-06-21 02:28:54'),
(188, '1', '1', '65', 'hoahongdo.png', 'Hoa Hồng Đỏ', '390.000', '1', '2023-06-21 02:30:03', '2023-06-21 02:30:03'),
(189, '1', '1', '66', 'hoahongdo.png', 'Hoa Hồng Đỏ', '390.000', '1', '2023-06-21 02:41:40', '2023-06-21 02:41:40'),
(190, '1', '1', '67', 'hoahongdo.png', 'Hoa Hồng Đỏ', '390.000', '1', '2023-06-21 02:42:05', '2023-06-21 02:42:05'),
(191, '1', '1', '68', 'hoahongdo.png', 'Hoa Hồng Đỏ', '390.000', '1', '2023-06-21 02:45:14', '2023-06-21 02:45:14'),
(192, '1', '1', '69', 'hoahongdo.png', 'Hoa Hồng Đỏ', '390.000', '1', '2023-06-21 02:54:50', '2023-06-21 02:54:50'),
(193, '1', '1', '70', 'hoahongdo.png', 'Hoa Hồng Đỏ', '390.000', '1', '2023-06-21 03:00:04', '2023-06-21 03:00:04'),
(194, '1', '1', '71', 'hoahongdo.png', 'Hoa Hồng Đỏ', '390.000', '1', '2023-06-21 03:12:31', '2023-06-21 03:12:31'),
(195, '1', '3', '72', 'camtucau.png', 'Hoa Cẩm Tú Cầu', '420.000', '1', '2023-06-21 03:23:40', '2023-06-21 03:23:40'),
(196, '1', '3', '73', 'camtucau.png', 'Hoa Cẩm Tú Cầu', '420.000', '1', '2023-06-21 03:25:56', '2023-06-21 03:25:56'),
(197, '1', '3', '76', 'camtucau.png', 'Hoa Cẩm Tú Cầu', '420.000', '1', '2023-06-21 03:34:05', '2023-06-21 03:34:05'),
(198, '1', '5', '77', 'camchuongtrang.png', 'Hoa Cẩm Chướng Xoăn Xanh Trắng', '380.000', '1', '2023-06-22 02:19:22', '2023-06-22 02:19:22'),
(199, '1', '7', '77', 'huongduong.png', 'Hoa Hướng Dương', '250.000', '2', '2023-06-22 02:19:22', '2023-06-22 02:19:22'),
(200, '1', '3', '78', 'camtucau.png', 'Hoa Cẩm Tú Cầu', '420.000', '1', '2023-06-22 02:28:36', '2023-06-22 02:28:36'),
(201, '1', '1', '79', 'hoahongdo.png', 'Hoa Hồng Đỏ', '390.000', '1', '2023-06-22 02:38:00', '2023-06-22 02:38:00'),
(202, '1', '1', '80', 'hoahongdo.png', 'Hoa Hồng Đỏ', '390.000', '1', '2023-06-22 02:49:25', '2023-06-22 02:49:25'),
(203, '1', '1', '81', 'hoahongdo.png', 'Hoa Hồng Đỏ', '390.000', '1', '2023-06-22 02:58:54', '2023-06-22 02:58:54'),
(204, '1', '1', '82', 'hoahongdo.png', 'Hoa Hồng Đỏ', '390.000', '1', '2023-06-22 03:08:28', '2023-06-22 03:08:28'),
(205, '1', '1', '83', 'hoahongdo.png', 'Hoa Hồng Đỏ', '390.000', '1', '2023-06-22 03:09:52', '2023-06-22 03:09:52'),
(206, '1', '1', '84', 'hoahongdo.png', 'Hoa Hồng Đỏ', '390.000', '1', '2023-06-22 03:36:46', '2023-06-22 03:36:46'),
(207, '1', '1', '85', 'hoahongdo.png', 'Hoa Hồng Đỏ', '390.000', '1', '2023-06-22 03:39:42', '2023-06-22 03:39:42'),
(208, '1', '1', '86', 'hoahongdo.png', 'Hoa Hồng Đỏ', '390.000', '1', '2023-06-22 03:43:46', '2023-06-22 03:43:46'),
(209, '1', '1', '87', 'hoahongdo.png', 'Hoa Hồng Đỏ', '390.000', '1', '2023-06-22 03:46:15', '2023-06-22 03:46:15'),
(210, '1', '1', '89', 'hoahongdo.png', 'Hoa Hồng Đỏ', '390.000', '1', '2023-06-22 03:47:23', '2023-06-22 03:47:23'),
(211, '1', '1', '90', 'hoahongdo.png', 'Hoa Hồng Đỏ', '390.000', '1', '2023-06-22 03:48:42', '2023-06-22 03:48:42'),
(212, '1', '1', '91', 'hoahongdo.png', 'Hoa Hồng Đỏ', '390.000', '1', '2023-06-22 03:51:21', '2023-06-22 03:51:21'),
(213, '1', '1', '92', 'hoahongdo.png', 'Hoa Hồng Đỏ', '390.000', '1', '2023-06-22 04:06:45', '2023-06-22 04:06:45'),
(214, '1', '1', '93', 'hoahongdo.png', 'Hoa Hồng Đỏ', '390.000', '1', '2023-06-22 04:11:18', '2023-06-22 04:11:18'),
(215, '1', '1', '94', 'hoahongdo.png', 'Hoa Hồng Đỏ', '390.000', '1', '2023-06-22 04:14:09', '2023-06-22 04:14:09'),
(216, '1', '1', '95', 'hoahongdo.png', 'Hoa Hồng Đỏ', '390.000', '1', '2023-06-22 04:16:30', '2023-06-22 04:16:30'),
(217, '1', '1', '96', 'hoahongdo.png', 'Hoa Hồng Đỏ', '390.000', '1', '2023-06-22 04:18:05', '2023-06-22 04:18:05'),
(218, '1', '1', '97', 'hoahongdo.png', 'Hoa Hồng Đỏ', '390.000', '1', '2023-06-22 04:24:14', '2023-06-22 04:24:14'),
(219, '1', '1', '98', 'hoahongdo.png', 'Hoa Hồng Đỏ', '390.000', '1', '2023-06-22 04:27:50', '2023-06-22 04:27:50'),
(220, '1', '1', '99', 'hoahongdo.png', 'Hoa Hồng Đỏ', '390.000', '1', '2023-06-22 04:30:06', '2023-06-22 04:30:06'),
(221, '1', '1', '100', 'hoahongdo.png', 'Hoa Hồng Đỏ', '390.000', '1', '2023-06-22 04:30:40', '2023-06-22 04:30:40'),
(222, '1', '1', '101', 'hoahongdo.png', 'Hoa Hồng Đỏ', '390.000', '1', '2023-06-22 04:31:21', '2023-06-22 04:31:21'),
(223, '16', '3', '102', 'camtucau.png', 'Hoa Cẩm Tú Cầu', '420.000', '1', '2023-06-22 04:39:03', '2023-06-22 04:39:03'),
(224, '16', '1', '103', 'hoahongdo.png', 'Hoa Hồng Đỏ', '390.000', '1', '2023-06-22 04:44:57', '2023-06-22 04:44:57'),
(225, '10', '1', '104', 'hoahongdo.png', 'Hoa Hồng Đỏ', '390.000', '1', '2023-06-22 06:33:14', '2023-06-22 06:33:14'),
(226, '10', '11', '105', 'labachkim.png', 'Hoa Hồng Đỏ Lá Bạch Kim', '700.000', '1', '2023-06-22 06:40:02', '2023-06-22 06:40:02'),
(227, '10', '3', '105', 'camtucau.png', 'Hoa Cẩm Tú Cầu', '420.000', '1', '2023-06-22 06:40:02', '2023-06-22 06:40:02'),
(228, '10', '9', '106', 'senxanh.png', 'Hoa Sen Xanh Lá Bạc', '450.000', '1', '2023-06-22 07:00:39', '2023-06-22 07:00:39'),
(229, '10', '5', '106', 'camchuongtrang.png', 'Hoa Cẩm Chướng Xoăn Xanh Trắng', '380.000', '1', '2023-06-22 07:00:39', '2023-06-22 07:00:39'),
(230, '10', '18', '106', 'ktcam.png', 'Lãng Hoa Khai Trương Cam', '1.000.000', '2', '2023-06-22 07:00:39', '2023-06-22 07:00:39'),
(231, '10', '22', '107', 'totinh.png', 'Hoa Hồng Đỏ Tỏ Tình', '800.000', '1', '2023-06-22 07:24:34', '2023-06-22 07:24:34'),
(232, '10', '15', '107', 'hoahongyeuthuong.png', 'Bó Hoa Hồng Sinh Nhật Yêu Thương', '280.000', '1', '2023-06-22 07:24:34', '2023-06-22 07:24:34'),
(233, '10', '16', '107', 'ohara.png', 'Bó Hoa Sinh Nhật Tặng Sếp Ohara Hồng', '680.000', '2', '2023-06-22 07:24:34', '2023-06-22 07:24:34'),
(234, '10', '16', '109', 'ohara.png', 'Bó Hoa Sinh Nhật Tặng Sếp Ohara Hồng', '680.000', '3', '2023-06-22 07:28:35', '2023-06-22 07:28:35'),
(235, '10', '1', '109', 'hoahongdo.png', 'Hoa Hồng Đỏ', '390.000', '1', '2023-06-22 07:28:35', '2023-06-22 07:28:35'),
(236, '1', '3', '110', 'camtucau.png', 'Hoa Cẩm Tú Cầu', '420.000', '1', '2023-06-28 07:52:11', '2023-06-28 07:52:11'),
(237, '1', '1', '110', 'hoahongdo.png', 'Hoa Hồng Đỏ', '390.000', '1', '2023-06-28 07:52:11', '2023-06-28 07:52:11'),
(238, '1', '5', '110', 'camchuongtrang.png', 'Hoa Cẩm Chướng Xoăn Xanh Trắng', '380.000', '1', '2023-06-28 07:52:11', '2023-06-28 07:52:11'),
(239, '1', '9', '110', 'senxanh.png', 'Hoa Sen Xanh Lá Bạc', '450.000', '1', '2023-06-28 07:52:11', '2023-06-28 07:52:11'),
(240, '1', '11', '110', 'labachkim.png', 'Hoa Hồng Đỏ Lá Bạch Kim', '700.000', '1', '2023-06-28 07:52:12', '2023-06-28 07:52:12'),
(241, '1', '1', '56', 'hoahongdo.png', 'Hoa hồng đỏ', '390.000', '100', '2023-07-01 07:51:39', '2023-07-01 07:51:39'),
(242, '1', '1', '111', 'hoahongdo.png', 'Hoa Hồng Đỏ', '390.000', '1', '2023-07-01 04:55:17', '2023-07-01 04:55:17'),
(243, '1', '3', '111', 'camtucau.png', 'Hoa Cẩm Tú Cầu', '420.000', '1', '2023-07-01 04:55:17', '2023-07-01 04:55:17'),
(244, '1', '10', '112', 'hoahongcam.png', 'Hoa Hồng Cam Cát Tường Trắng', '550.000', '1', '2023-07-01 05:04:37', '2023-07-01 05:04:37'),
(245, '1', '11', '112', 'labachkim.png', 'Hoa Hồng Đỏ Lá Bạch Kim', '700.000', '2', '2023-07-01 05:04:37', '2023-07-01 05:04:37');

-- --------------------------------------------------------

--
-- Cấu trúc bảng cho bảng `failed_jobs`
--

CREATE TABLE `failed_jobs` (
  `id` bigint(20) UNSIGNED NOT NULL,
  `uuid` varchar(255) COLLATE utf8mb4_unicode_ci NOT NULL,
  `connection` text COLLATE utf8mb4_unicode_ci NOT NULL,
  `queue` text COLLATE utf8mb4_unicode_ci NOT NULL,
  `payload` longtext COLLATE utf8mb4_unicode_ci NOT NULL,
  `exception` longtext COLLATE utf8mb4_unicode_ci NOT NULL,
  `failed_at` timestamp NOT NULL DEFAULT current_timestamp()
) ENGINE=InnoDB DEFAULT CHARSET=utf8mb4 COLLATE=utf8mb4_unicode_ci;

-- --------------------------------------------------------

--
-- Cấu trúc bảng cho bảng `lich_su_nhap_khos`
--

CREATE TABLE `lich_su_nhap_khos` (
  `id` bigint(20) UNSIGNED NOT NULL,
  `id_sp` varchar(255) COLLATE utf8mb4_unicode_ci NOT NULL,
  `tensanpham` varchar(255) COLLATE utf8mb4_unicode_ci NOT NULL,
  `soluongkho` varchar(255) COLLATE utf8mb4_unicode_ci NOT NULL,
  `soluongnhap` varchar(255) COLLATE utf8mb4_unicode_ci NOT NULL,
  `soluongkhinhap` varchar(255) COLLATE utf8mb4_unicode_ci NOT NULL,
  `created_at` timestamp NULL DEFAULT NULL,
  `updated_at` timestamp NULL DEFAULT NULL
) ENGINE=InnoDB DEFAULT CHARSET=utf8mb4 COLLATE=utf8mb4_unicode_ci;

--
-- Đang đổ dữ liệu cho bảng `lich_su_nhap_khos`
--

INSERT INTO `lich_su_nhap_khos` (`id`, `id_sp`, `tensanpham`, `soluongkho`, `soluongnhap`, `soluongkhinhap`, `created_at`, `updated_at`) VALUES
(1, '1', 'Hoa hồng đỏ', '138', '-100', '38', '2023-07-01 07:54:19', '2023-07-01 07:54:19'),
(2, '1', 'Hoa hồng đỏ', '38', '+2', '40', '2023-06-30 08:17:07', '2023-06-30 08:17:07'),
(3, '1', 'Hoa Hồng Đỏ', '40', '+20', '60', '2023-06-30 09:35:06', '2023-06-30 09:35:06'),
(4, '3', 'Hoa Cẩm Tú Cầu', '29', '+61', '90', '2023-06-30 09:35:44', '2023-06-30 09:35:44'),
(5, '13', 'Hoa Bayby Mini Xanh Dương Tặng Sinh Nhật Bạn Nam', '25', '+25', '50', '2023-06-30 09:39:53', '2023-06-30 09:39:53'),
(6, '1', 'Hoa Hồng Đỏ', '60', '-1', '59', '2023-07-01 04:56:06', '2023-07-01 04:56:06'),
(7, '3', 'Hoa Cẩm Tú Cầu', '90', '-1', '89', '2023-07-01 04:56:06', '2023-07-01 04:56:06'),
(8, '10', 'Hoa Hồng Cam Cát Tường Trắng', '35', '-1', '34', '2023-07-01 05:04:37', '2023-07-01 05:04:37'),
(9, '11', 'Hoa Hồng Đỏ Lá Bạch Kim', '25', '-2', '23', '2023-07-01 05:04:37', '2023-07-01 05:04:37');

-- --------------------------------------------------------

--
-- Cấu trúc bảng cho bảng `migrations`
--

CREATE TABLE `migrations` (
  `id` int(10) UNSIGNED NOT NULL,
  `migration` varchar(255) COLLATE utf8mb4_unicode_ci NOT NULL,
  `batch` int(11) NOT NULL
) ENGINE=InnoDB DEFAULT CHARSET=utf8mb4 COLLATE=utf8mb4_unicode_ci;

--
-- Đang đổ dữ liệu cho bảng `migrations`
--

INSERT INTO `migrations` (`id`, `migration`, `batch`) VALUES
(1, '2014_10_12_000000_create_users_table', 1),
(2, '2014_10_12_100000_create_password_reset_tokens_table', 1),
(3, '2019_08_19_000000_create_failed_jobs_table', 1),
(4, '2019_12_14_000001_create_personal_access_tokens_table', 1),
(5, '2023_04_14_054300_create_categories_table', 2),
(6, '2023_04_14_072109_add_new_column_to_table_name', 3),
(7, '2023_04_14_072327_add_new_column_to_table_name', 4),
(8, '2023_04_19_054400_create_products_table', 5),
(9, '2023_04_24_051509_create_carts_table', 6),
(10, '2023_05_11_054149_create_bills_table', 7),
(11, '2023_05_11_065833_create_bills_table', 8),
(12, '2023_05_11_103518_create_chi_tiet_bills_table', 9),
(13, '2023_06_30_141758_create_lich_su_nhap_khos_table', 10);

-- --------------------------------------------------------

--
-- Cấu trúc bảng cho bảng `password_reset_tokens`
--

CREATE TABLE `password_reset_tokens` (
  `email` varchar(255) COLLATE utf8mb4_unicode_ci NOT NULL,
  `token` varchar(255) COLLATE utf8mb4_unicode_ci NOT NULL,
  `created_at` timestamp NULL DEFAULT NULL
) ENGINE=InnoDB DEFAULT CHARSET=utf8mb4 COLLATE=utf8mb4_unicode_ci;

--
-- Đang đổ dữ liệu cho bảng `password_reset_tokens`
--

INSERT INTO `password_reset_tokens` (`email`, `token`, `created_at`) VALUES
('ln32587@gmail.com', '$2y$10$2zfvS13EdN9GTILLa/cWTeTSvuLoBsaiVJUEDg.0PvbMWt8dKy8NS', '2023-06-22 01:51:56');

-- --------------------------------------------------------

--
-- Cấu trúc bảng cho bảng `personal_access_tokens`
--

CREATE TABLE `personal_access_tokens` (
  `id` bigint(20) UNSIGNED NOT NULL,
  `tokenable_type` varchar(255) COLLATE utf8mb4_unicode_ci NOT NULL,
  `tokenable_id` bigint(20) UNSIGNED NOT NULL,
  `name` varchar(255) COLLATE utf8mb4_unicode_ci NOT NULL,
  `token` varchar(64) COLLATE utf8mb4_unicode_ci NOT NULL,
  `abilities` text COLLATE utf8mb4_unicode_ci DEFAULT NULL,
  `last_used_at` timestamp NULL DEFAULT NULL,
  `expires_at` timestamp NULL DEFAULT NULL,
  `created_at` timestamp NULL DEFAULT NULL,
  `updated_at` timestamp NULL DEFAULT NULL
) ENGINE=InnoDB DEFAULT CHARSET=utf8mb4 COLLATE=utf8mb4_unicode_ci;

-- --------------------------------------------------------

--
-- Cấu trúc bảng cho bảng `products`
--

CREATE TABLE `products` (
  `id` bigint(20) UNSIGNED NOT NULL,
  `tensanpham` varchar(255) COLLATE utf8mb4_unicode_ci NOT NULL,
  `hinhanh` varchar(255) COLLATE utf8mb4_unicode_ci NOT NULL,
  `mota` varchar(255) COLLATE utf8mb4_unicode_ci NOT NULL,
  `gia` varchar(255) COLLATE utf8mb4_unicode_ci NOT NULL,
  `danhmuc` varchar(255) COLLATE utf8mb4_unicode_ci NOT NULL,
  `soluong` varchar(255) COLLATE utf8mb4_unicode_ci NOT NULL,
  `created_at` timestamp NULL DEFAULT NULL,
  `updated_at` timestamp NULL DEFAULT NULL
) ENGINE=InnoDB DEFAULT CHARSET=utf8mb4 COLLATE=utf8mb4_unicode_ci;

--
-- Đang đổ dữ liệu cho bảng `products`
--

INSERT INTO `products` (`id`, `tensanpham`, `hinhanh`, `mota`, `gia`, `danhmuc`, `soluong`, `created_at`, `updated_at`) VALUES
(1, 'Hoa Hồng Đỏ', 'hoahongdo.png', 'Hoa hồng đỏ, Lá và phụ kiện', '390.000', 'Hoa tươi', '59', '2023-04-18 23:17:03', '2023-07-01 04:56:06'),
(3, 'Hoa Cẩm Tú Cầu', 'camtucau.png', 'Bó hoa cẩm tú cầu sở hữu vẻ đẹp nhẹ nhàng mà vẫn không kém phần ấn tượng, là món quà ăn điểm trong mắt người nhận.', '420.000', 'Hoa tươi', '89', '2023-04-18 23:26:02', '2023-07-01 04:56:06'),
(5, 'Hoa Cẩm Chướng Xoăn Xanh Trắng', 'camchuongtrang.png', 'Hoa Cát Tường Xanh, Hoa Cát Tường Trắng, Lá và Phụ Kiện', '380.000', 'Hoa tươi', '51', '2023-04-18 23:29:07', '2023-06-28 07:52:11'),
(7, 'Hoa Hướng Dương', 'huongduong.png', 'Hoa Hướng Dương, Hoa Sao Tím, Lá và Phụ Kiện', '250.000', 'Hoa tươi', '78', '2023-04-18 23:32:08', '2023-06-22 02:19:22'),
(8, 'Hoa Baby Trắng Cổ Điển', 'babytrang.png', 'Hoa Baby Trắng, Lá và Phụ Kiện', '420.000', 'Hoa tươi', '69', '2023-04-18 23:34:47', '2023-04-18 23:34:47'),
(9, 'Hoa Sen Xanh Lá Bạc', 'senxanh.png', 'Hoa Sen, Đài Sen, Hoa Baby Hà Lan, Lá và Phụ Kiện', '450.000', 'Hoa tươi', '45', '2023-04-18 23:37:39', '2023-06-28 07:52:11'),
(10, 'Hoa Hồng Cam Cát Tường Trắng', 'hoahongcam.png', 'Hoa Hồng Cam, Hoa Cát Tường, Hoa Mỏm Sói, Lá và Phụ Kiện', '550.000', 'Hoa tươi', '34', '2023-04-18 23:44:19', '2023-07-01 05:04:37'),
(11, 'Hoa Hồng Đỏ Lá Bạch Kim', 'labachkim.png', 'Hoa Hồng Đỏ, Lá xịt Bạch Kim, Phụ Kiện', '700.000', 'Hoa tươi', '23', '2023-04-18 23:47:42', '2023-07-01 05:04:37'),
(13, 'Hoa Bayby Mini Xanh Dương Tặng Sinh Nhật Bạn Nam', 'snnam.png', 'Hoa Baby nhập khẩu nhuộm Xanh Dương, Bó Hoa và Phụ Kiện', '250.000', 'Hoa sinh nhật', '50', '2023-04-18 23:52:01', '2023-06-30 09:39:53'),
(14, 'Bó Hoa 5 Hoa Hồng Đỏ Tặng Sinh Nhật', 'namhoahong.png', 'Hoa Hổng Đỏ, Lá Bạc, Lá và Phụ Kiện', '200.000', 'Hoa sinh nhật', '58', '2023-04-18 23:53:46', '2023-04-18 23:53:46'),
(15, 'Bó Hoa Hồng Sinh Nhật Yêu Thương', 'hoahongyeuthuong.png', 'Hoa Hổng Kem Dâu,Hoa Cẩm Chướng Hồng Trùm, Cỏ Đồng Tiền, Lá và Phụ Kiện', '280.000', 'Hoa sinh nhật', '25', '2023-04-18 23:56:05', '2023-06-22 07:24:34'),
(16, 'Bó Hoa Sinh Nhật Tặng Sếp Ohara Hồng', 'ohara.png', 'Hoa Hổng Ohara, Cỏ Đồng Tiền, Lá và Phụ Kiện', '680.000', 'Hoa sinh nhật', '30', '2023-04-18 23:59:04', '2023-06-22 07:28:35'),
(17, 'Lãng Hoa Khai Trương Hồng Đỏ', 'kthongdo.png', 'Hoa Hổng Đỏ, Cúc Mẫu Đơn, Cẩm Chướng Đỏ, Cỏ Đồng Tiền, Lá và Phụ Kiện', '700.000', 'Hoa Khai Trương', '20', '2023-04-19 00:02:41', '2023-04-19 00:02:41'),
(18, 'Lãng Hoa Khai Trương Cam', 'ktcam.png', 'Hoa Hổng Cam Hoàng Đế, Hoa Đồng Tiền Cam Đào, Hoa Thiên Điểu, Lá và Phụ Kiện', '1.000.000', 'Hoa Khai Trương', '38', '2023-04-19 00:04:56', '2023-06-22 07:01:00'),
(19, 'Lãng Hoa Khai Trương Sang Trọng Đỏ Golden', 'kttrongdo.png', 'Hoa Hổng Đỏ, Lan Mokara Đỏ, Lá Gold, Lá và Phụ Kiện', '1.800.000', 'Hoa Khai Trương', '44', '2023-04-19 00:06:59', '2023-04-19 00:06:59'),
(20, 'Lãng Hoa Khai Trương Hồng Vàng Sang Trọng', 'kthongvang.png', 'Hoa Hổng Vàng, Hoa Lan Vũ Nữ, Hoa Lan Hồ Điệp Trắng, Lá và Phụ Kiện', '2.000.000', 'Hoa Khai Trương', '24', '2023-04-19 00:08:57', '2023-04-19 00:08:57'),
(21, 'Hoa Cưới Cầm Tay Hoa Baby', 'hccamtay.png', 'Hoa Baby, Phụ Kiện', '620.000', 'Hoa cưới', '37', '2023-04-19 00:12:02', '2023-04-19 00:12:02'),
(22, 'Hoa Hồng Đỏ Tỏ Tình', 'totinh.png', 'Hoa Hồng Đỏ Đà Lạt, Lá Bạc, Phụ Kiện', '800.000', 'Hoa Valentine', '26', '2023-04-19 00:17:16', '2023-06-22 07:24:34');

-- --------------------------------------------------------

--
-- Cấu trúc bảng cho bảng `users`
--

CREATE TABLE `users` (
  `id` bigint(20) UNSIGNED NOT NULL,
  `name` varchar(255) COLLATE utf8mb4_unicode_ci NOT NULL,
  `email` varchar(255) COLLATE utf8mb4_unicode_ci NOT NULL,
  `email_verified_at` timestamp NULL DEFAULT NULL,
  `password` varchar(255) COLLATE utf8mb4_unicode_ci NOT NULL,
  `sdt` varchar(255) COLLATE utf8mb4_unicode_ci DEFAULT NULL,
  `diachi` varchar(255) COLLATE utf8mb4_unicode_ci DEFAULT NULL,
  `role` varchar(255) COLLATE utf8mb4_unicode_ci NOT NULL,
  `remember_token` varchar(100) COLLATE utf8mb4_unicode_ci DEFAULT NULL,
  `created_at` timestamp NULL DEFAULT NULL,
  `updated_at` timestamp NULL DEFAULT NULL
) ENGINE=InnoDB DEFAULT CHARSET=utf8mb4 COLLATE=utf8mb4_unicode_ci;

--
-- Đang đổ dữ liệu cho bảng `users`
--

INSERT INTO `users` (`id`, `name`, `email`, `email_verified_at`, `password`, `sdt`, `diachi`, `role`, `remember_token`, `created_at`, `updated_at`) VALUES
(1, 'Chăng Nguyễn Hiếu Nghĩa', 'changnghia2307@gmail.com', '2023-06-22 12:23:19', '$2y$10$hv4ErjhENJudM/zW6H2E2OLbaC6b3SACtcyp90qm6TTDQHeJcN./6', '0911472518', '48 Ninh Kiều Cần Thơ', 'admin', 'bJdkbr5sxYnPLnImZislHzC9oUtL4m2Asc0TZPlFzoiyd4FqJQyyB8O7DWOL', '2023-04-12 00:36:13', '2023-06-22 12:23:19'),
(2, 'Nguyễn Thanh Tùng', 'tungthanh@gmail.com', NULL, '$2y$10$pLkrruhkQWIeGFluaSACTO1sRubwew8oMqMLAIyX8v.vT3BO3OkL.', '0935987462', 'Hưng Lợi', 'user', 'M3sZ4oScuMuWIyCFmusCrtTZfb2ZQmltO4HkyYmcNuV07OoO6aHOpDKxnCCm', '2023-05-14 21:41:40', '2023-05-16 11:06:03'),
(3, 'Nguyễn Bá Lộc', 'locba@gmail.com', NULL, '$2y$10$cmyMxXpseVf7NeBkxQxd1OD.zNyingkcdj80.Pxz1lbCo7UbrdSve', '', '', 'user', NULL, '2023-05-14 21:42:47', '2023-05-20 02:35:53'),
(10, 'Ngô Thụy Thanh Nhàn', 'thanhnhan8570@gmail.com', NULL, '$2y$10$KAqI12YfUVKg7NzdwCno9.e3H1iCbS6p.Qx0IVZnApbebj.ebTFNu', '0911472518', '23 Trương Định Nha Trang Khánh Hòa', 'user', NULL, '2023-05-20 02:15:04', '2023-06-21 03:37:23'),
(11, 'Bảo', 'bao@gmail.com', NULL, '$2y$10$LpS42YKmrs.8hOcybrKyNurHltvxuNeSHcaRE4P9a5/ydN4nZQXDW', '', '', 'user', NULL, '2023-06-20 04:35:46', '2023-06-20 04:35:46'),
(16, 'Nguyễn Hồng Linh', 'ln32587@gmail.com', NULL, '$2y$10$0yZOi7t2wNGJFyefE4SDle3bpQVam.auu1R0ghq2ivp9nwutAHZf6', '0916492241', 'Cà mau', 'user', NULL, '2023-06-22 01:46:20', '2023-06-22 04:39:03'),
(36, 'Chăng Nguyễn Hiếu Nghĩa', 'changnghia2021@gmail.com', '2023-06-23 03:45:07', '$2y$10$H2MytgG9kxKYTj2l3Y5QN.lu5t/rTy18ExCpE/O9nvfKxBsqbmC5i', '', '', 'user', NULL, '2023-06-23 03:44:32', '2023-06-23 03:45:07');

--
-- Chỉ mục cho các bảng đã đổ
--

--
-- Chỉ mục cho bảng `bills`
--
ALTER TABLE `bills`
  ADD PRIMARY KEY (`id`);

--
-- Chỉ mục cho bảng `carts`
--
ALTER TABLE `carts`
  ADD PRIMARY KEY (`id`);

--
-- Chỉ mục cho bảng `categories`
--
ALTER TABLE `categories`
  ADD PRIMARY KEY (`id`);

--
-- Chỉ mục cho bảng `chi_tiet_bills`
--
ALTER TABLE `chi_tiet_bills`
  ADD PRIMARY KEY (`id`);

--
-- Chỉ mục cho bảng `failed_jobs`
--
ALTER TABLE `failed_jobs`
  ADD PRIMARY KEY (`id`),
  ADD UNIQUE KEY `failed_jobs_uuid_unique` (`uuid`);

--
-- Chỉ mục cho bảng `lich_su_nhap_khos`
--
ALTER TABLE `lich_su_nhap_khos`
  ADD PRIMARY KEY (`id`);

--
-- Chỉ mục cho bảng `migrations`
--
ALTER TABLE `migrations`
  ADD PRIMARY KEY (`id`);

--
-- Chỉ mục cho bảng `password_reset_tokens`
--
ALTER TABLE `password_reset_tokens`
  ADD PRIMARY KEY (`email`);

--
-- Chỉ mục cho bảng `personal_access_tokens`
--
ALTER TABLE `personal_access_tokens`
  ADD PRIMARY KEY (`id`),
  ADD UNIQUE KEY `personal_access_tokens_token_unique` (`token`),
  ADD KEY `personal_access_tokens_tokenable_type_tokenable_id_index` (`tokenable_type`,`tokenable_id`);

--
-- Chỉ mục cho bảng `products`
--
ALTER TABLE `products`
  ADD PRIMARY KEY (`id`);

--
-- Chỉ mục cho bảng `users`
--
ALTER TABLE `users`
  ADD PRIMARY KEY (`id`),
  ADD UNIQUE KEY `users_email_unique` (`email`);

--
-- AUTO_INCREMENT cho các bảng đã đổ
--

--
-- AUTO_INCREMENT cho bảng `bills`
--
ALTER TABLE `bills`
  MODIFY `id` bigint(20) UNSIGNED NOT NULL AUTO_INCREMENT, AUTO_INCREMENT=113;

--
-- AUTO_INCREMENT cho bảng `carts`
--
ALTER TABLE `carts`
  MODIFY `id` bigint(20) UNSIGNED NOT NULL AUTO_INCREMENT, AUTO_INCREMENT=142;

--
-- AUTO_INCREMENT cho bảng `categories`
--
ALTER TABLE `categories`
  MODIFY `id` bigint(20) UNSIGNED NOT NULL AUTO_INCREMENT, AUTO_INCREMENT=14;

--
-- AUTO_INCREMENT cho bảng `chi_tiet_bills`
--
ALTER TABLE `chi_tiet_bills`
  MODIFY `id` bigint(20) UNSIGNED NOT NULL AUTO_INCREMENT, AUTO_INCREMENT=246;

--
-- AUTO_INCREMENT cho bảng `failed_jobs`
--
ALTER TABLE `failed_jobs`
  MODIFY `id` bigint(20) UNSIGNED NOT NULL AUTO_INCREMENT;

--
-- AUTO_INCREMENT cho bảng `lich_su_nhap_khos`
--
ALTER TABLE `lich_su_nhap_khos`
  MODIFY `id` bigint(20) UNSIGNED NOT NULL AUTO_INCREMENT, AUTO_INCREMENT=10;

--
-- AUTO_INCREMENT cho bảng `migrations`
--
ALTER TABLE `migrations`
  MODIFY `id` int(10) UNSIGNED NOT NULL AUTO_INCREMENT, AUTO_INCREMENT=14;

--
-- AUTO_INCREMENT cho bảng `personal_access_tokens`
--
ALTER TABLE `personal_access_tokens`
  MODIFY `id` bigint(20) UNSIGNED NOT NULL AUTO_INCREMENT;

--
-- AUTO_INCREMENT cho bảng `products`
--
ALTER TABLE `products`
  MODIFY `id` bigint(20) UNSIGNED NOT NULL AUTO_INCREMENT, AUTO_INCREMENT=38;

--
-- AUTO_INCREMENT cho bảng `users`
--
ALTER TABLE `users`
  MODIFY `id` bigint(20) UNSIGNED NOT NULL AUTO_INCREMENT, AUTO_INCREMENT=37;
COMMIT;

/*!40101 SET CHARACTER_SET_CLIENT=@OLD_CHARACTER_SET_CLIENT */;
/*!40101 SET CHARACTER_SET_RESULTS=@OLD_CHARACTER_SET_RESULTS */;
/*!40101 SET COLLATION_CONNECTION=@OLD_COLLATION_CONNECTION */;
